-- phpMyAdmin SQL Dump
-- version 5.2.1
-- https://www.phpmyadmin.net/
--
-- Host: 127.0.0.1
-- Generation Time: Apr 14, 2025 at 02:17 PM
-- Server version: 10.4.32-MariaDB
-- PHP Version: 8.0.30

SET SQL_MODE = "NO_AUTO_VALUE_ON_ZERO";
START TRANSACTION;
SET time_zone = "+00:00";


/*!40101 SET @OLD_CHARACTER_SET_CLIENT=@@CHARACTER_SET_CLIENT */;
/*!40101 SET @OLD_CHARACTER_SET_RESULTS=@@CHARACTER_SET_RESULTS */;
/*!40101 SET @OLD_COLLATION_CONNECTION=@@COLLATION_CONNECTION */;
/*!40101 SET NAMES utf8mb4 */;

--
-- Database: `deka`
--

-- --------------------------------------------------------

--
-- Table structure for table `admin`
--

CREATE TABLE `admin` (
  `id` int(11) NOT NULL,
  `adminname` varchar(25) NOT NULL,
  `password` varchar(50) NOT NULL,
  `nama` varchar(50) NOT NULL,
  `telepon` varchar(13) NOT NULL
) ENGINE=InnoDB DEFAULT CHARSET=utf8mb4 COLLATE=utf8mb4_general_ci;

--
-- Dumping data for table `admin`
--

INSERT INTO `admin` (`id`, `adminname`, `password`, `nama`, `telepon`) VALUES
(1, 'admin', 'nullify', 'Mlehoy', '08111111122'),
(2, 'admin2', 'nullify1', 'Molyadi', '081121123443'),
(3, 'dima99', 'dima991', 'Dmitri Mayakovski', '08123456789'),
(4, 'oke111', '1234', 'Guntur', '1111111');

-- --------------------------------------------------------

--
-- Table structure for table `detail_pemesanan`
--

CREATE TABLE `detail_pemesanan` (
  `id` int(11) NOT NULL,
  `idpemesanan` int(11) NOT NULL,
  `idproduk` int(11) NOT NULL,
  `jumlah` int(11) NOT NULL,
  `harga` int(11) NOT NULL,
  `tanggal` timestamp NOT NULL DEFAULT current_timestamp() ON UPDATE current_timestamp(),
  `status` varchar(20) NOT NULL
) ENGINE=InnoDB DEFAULT CHARSET=utf8mb4 COLLATE=utf8mb4_general_ci;

--
-- Dumping data for table `detail_pemesanan`
--

INSERT INTO `detail_pemesanan` (`id`, `idpemesanan`, `idproduk`, `jumlah`, `harga`, `tanggal`, `status`) VALUES
(30, 22, 36, 2, 11000, '2025-03-17 06:25:07', ''),
(31, 22, 43, 1, 10000, '2025-02-06 02:06:31', ''),
(32, 22, 53, 1, 24525, '2025-02-06 02:06:31', ''),
(33, 22, 38, 2, 13000, '2025-02-06 02:06:31', ''),
(34, 23, 39, 2, 105000, '2025-02-06 02:26:11', ''),
(35, 23, 45, 1, 6525, '2025-02-06 02:26:11', ''),
(36, 23, 47, 1, 36000, '2025-02-06 02:26:11', ''),
(37, 23, 46, 2, 18000, '2025-02-06 02:26:11', ''),
(38, 23, 53, 1, 24525, '2025-02-06 02:26:11', ''),
(39, 23, 36, 2, 11000, '2025-02-06 02:26:11', ''),
(40, 23, 37, 2, 27000, '2025-02-06 02:26:11', ''),
(41, 23, 43, 2, 20000, '2025-02-06 02:26:11', ''),
(42, 24, 36, 2, 11000, '2025-03-17 06:25:07', ''),
(43, 25, 45, 5, 32625, '2025-02-06 04:06:54', ''),
(44, 25, 38, 2, 13000, '2025-04-02 12:40:49', ''),
(45, 25, 46, 5, 45000, '2025-02-06 04:06:54', ''),
(46, 26, 47, 1, 36000, '2025-02-06 04:51:10', ''),
(47, 26, 53, 1, 24525, '2025-02-06 04:51:10', ''),
(48, 26, 43, 2, 20000, '2025-02-06 04:51:10', ''),
(49, 26, 40, 1, 1500, '2025-02-06 04:51:10', ''),
(50, 26, 51, 1, 64200, '2025-02-06 04:51:10', ''),
(51, 26, 36, 2, 11000, '2025-03-17 06:25:07', ''),
(52, 27, 36, 2, 11000, '2025-03-17 06:25:07', ''),
(53, 28, 36, 2, 11000, '2025-03-17 06:25:07', ''),
(54, 29, 46, 3, 27000, '2025-02-06 07:35:29', ''),
(55, 30, 37, 1, 13500, '2025-02-06 07:40:02', ''),
(56, 31, 36, 2, 11000, '2025-03-17 06:25:07', ''),
(57, 32, 36, 2, 11000, '2025-03-17 06:25:07', ''),
(58, 32, 46, 1, 9000, '2025-02-06 07:46:14', ''),
(59, 33, 38, 2, 13000, '2025-04-02 12:40:49', ''),
(60, 34, 36, 2, 11000, '2025-03-17 06:25:07', ''),
(61, 35, 39, 1, 52500, '2025-02-06 08:02:42', ''),
(62, 36, 45, 3, 19575, '2025-02-06 08:05:02', ''),
(63, 37, 45, 1, 6525, '2025-02-06 08:06:10', ''),
(64, 37, 53, 1, 24525, '2025-02-06 08:06:10', ''),
(65, 38, 38, 2, 13000, '2025-04-02 12:40:49', ''),
(66, 38, 53, 1, 24525, '2025-02-06 08:38:54', ''),
(67, 39, 39, 1, 52500, '2025-02-07 02:00:03', ''),
(68, 39, 43, 1, 10000, '2025-02-07 02:00:03', ''),
(69, 39, 45, 1, 6525, '2025-02-07 02:00:03', ''),
(70, 40, 43, 1, 10000, '2025-02-07 03:25:00', ''),
(71, 40, 45, 1, 6525, '2025-02-07 03:25:00', ''),
(72, 41, 46, 3, 27000, '2025-02-07 04:24:48', ''),
(73, 41, 36, 2, 11000, '2025-02-07 04:24:48', ''),
(74, 42, 43, 2, 20000, '2025-02-07 06:19:48', ''),
(75, 42, 45, 3, 19575, '2025-02-07 06:19:48', ''),
(76, 43, 38, 2, 13000, '2025-04-02 12:40:49', ''),
(77, 43, 45, 2, 13050, '2025-02-07 07:07:08', ''),
(78, 43, 43, 4, 40000, '2025-02-07 07:07:08', ''),
(79, 44, 39, 1, 52500, '2025-02-07 07:08:46', ''),
(80, 44, 38, 2, 13000, '2025-04-02 12:40:49', ''),
(81, 45, 43, 3, 30000, '2025-02-07 07:16:53', ''),
(82, 46, 46, 1, 9000, '2025-02-10 01:08:13', ''),
(83, 46, 37, 1, 13500, '2025-02-10 01:08:13', ''),
(84, 47, 38, 2, 13000, '2025-04-02 12:40:49', ''),
(85, 47, 46, 1, 9000, '2025-02-10 02:59:48', ''),
(86, 47, 45, 1, 6525, '2025-02-10 02:59:48', ''),
(87, 48, 58, 1, 21000, '2025-02-10 04:11:55', ''),
(88, 48, 45, 1, 6525, '2025-02-10 04:11:55', ''),
(89, 49, 57, 2, 46800, '2025-02-10 04:30:33', ''),
(90, 49, 59, 3, 136575, '2025-02-10 04:30:33', ''),
(91, 49, 58, 1, 21000, '2025-02-10 04:30:33', ''),
(92, 50, 38, 2, 13000, '2025-04-02 12:40:49', ''),
(93, 51, 38, 2, 13000, '2025-02-11 06:44:23', ''),
(94, 51, 46, 2, 18000, '2025-02-11 06:44:23', ''),
(95, 52, 38, 2, 13000, '2025-04-02 12:40:49', ''),
(96, 53, 31, 3, 15000, '2025-03-17 06:26:49', ''),
(97, 54, 31, 3, 15000, '2025-03-17 06:26:49', ''),
(98, 54, 35, 1, 6500, '2025-02-14 06:35:48', ''),
(99, 55, 37, 1, 13500, '2025-02-14 06:38:46', ''),
(100, 56, 38, 2, 13000, '2025-02-14 07:07:48', ''),
(101, 56, 45, 2, 13050, '2025-02-14 07:07:48', ''),
(102, 57, 36, 2, 11000, '2025-03-17 06:25:07', ''),
(103, 57, 39, 1, 52500, '2025-02-14 07:49:48', ''),
(104, 58, 38, 2, 13000, '2025-04-02 12:40:49', ''),
(105, 58, 45, 1, 6525, '2025-02-15 02:56:09', ''),
(106, 59, 38, 2, 13000, '2025-04-02 12:40:49', ''),
(107, 59, 45, 3, 19575, '2025-02-17 02:17:20', ''),
(108, 59, 46, 3, 27000, '2025-02-17 02:17:20', ''),
(109, 60, 38, 2, 13000, '2025-04-02 12:40:49', ''),
(110, 61, 43, 2, 20000, '2025-02-17 03:37:49', ''),
(111, 62, 64, 1, 31000, '2025-02-18 00:34:58', ''),
(112, 62, 36, 2, 11000, '2025-03-17 06:25:07', ''),
(113, 62, 59, 2, 91050, '2025-02-18 00:34:58', ''),
(114, 63, 45, 1, 6525, '2025-02-18 02:02:07', ''),
(115, 64, 51, 1, 64200, '2025-02-18 02:02:52', ''),
(116, 64, 37, 1, 13500, '2025-02-18 02:02:52', ''),
(117, 64, 38, 2, 13000, '2025-04-02 12:40:49', ''),
(118, 65, 47, 1, 36000, '2025-02-18 02:03:29', ''),
(119, 65, 43, 1, 10000, '2025-02-18 02:03:29', ''),
(120, 65, 53, 1, 24525, '2025-02-18 02:03:29', ''),
(121, 66, 37, 1, 13500, '2025-02-18 02:03:44', ''),
(122, 67, 38, 2, 13000, '2025-04-02 12:40:49', ''),
(123, 67, 59, 2, 91050, '2025-02-19 00:37:04', ''),
(124, 67, 61, 1, 50000, '2025-02-19 00:37:04', ''),
(125, 68, 66, 5, 49350, '2025-02-19 06:57:06', ''),
(126, 68, 45, 2, 13050, '2025-02-19 06:57:06', ''),
(127, 69, 53, 3, 73575, '2025-02-20 00:43:48', ''),
(128, 69, 69, 1, 25000, '2025-02-20 00:43:48', ''),
(129, 69, 68, 1, 5000, '2025-02-20 00:43:48', ''),
(130, 69, 36, 2, 11000, '2025-03-17 06:25:07', ''),
(131, 70, 39, 1, 52500, '2025-02-20 00:55:31', ''),
(132, 71, 53, 1, 24525, '2025-02-20 13:09:43', ''),
(133, 72, 78, 1, 12000, '2025-02-21 06:26:42', ''),
(134, 72, 69, 1, 25000, '2025-02-21 06:26:42', ''),
(135, 72, 59, 1, 45525, '2025-02-21 06:26:42', ''),
(136, 72, 58, 2, 42000, '2025-02-21 06:26:42', ''),
(137, 73, 64, 1, 31000, '2025-02-21 06:43:18', ''),
(138, 74, 64, 2, 62000, '2025-02-21 06:47:05', ''),
(139, 75, 38, 2, 13000, '2025-02-22 04:11:39', ''),
(140, 75, 69, 1, 25000, '2025-02-22 04:11:39', ''),
(141, 75, 79, 2, 40000, '2025-02-22 04:11:39', ''),
(142, 75, 71, 2, 12000, '2025-02-22 04:11:39', ''),
(143, 76, 71, 3, 18000, '2025-02-26 00:24:30', ''),
(144, 76, 38, 2, 13000, '2025-02-26 00:24:30', ''),
(145, 76, 47, 4, 144000, '2025-02-26 00:24:30', ''),
(146, 77, 43, 1, 10000, '2025-03-01 01:48:03', ''),
(147, 77, 78, 1, 12000, '2025-03-01 01:48:03', ''),
(148, 77, 79, 1, 20000, '2025-03-01 01:48:03', ''),
(149, 78, 46, 1, 9000, '2025-03-13 01:55:44', 'Terkonfirmasi'),
(150, 78, 68, 1, 5000, '2025-03-13 02:49:51', 'Terkonfirmasi'),
(151, 78, 71, 1, 6000, '2025-03-13 02:47:29', 'Terkonfirmasi'),
(152, 79, 60, 1, 13500, '2025-03-03 07:25:21', ''),
(153, 79, 35, 1, 6500, '2025-03-03 07:25:21', ''),
(154, 80, 35, 2, 13000, '2025-03-10 02:21:13', ''),
(155, 81, 45, 1, 6525, '2025-03-13 03:36:19', 'Terkonfirmasi'),
(156, 81, 36, 2, 11000, '2025-03-13 03:36:19', 'Terkonfirmasi'),
(161, 82, 35, 2, 13000, '2025-03-13 04:36:40', 'Terkonfirmasi'),
(162, 82, 54, 2, 31000, '2025-03-13 04:36:40', 'Terkonfirmasi'),
(163, 82, 78, 1, 12000, '2025-03-13 04:36:40', 'Terkonfirmasi'),
(164, 82, 60, 1, 13500, '2025-03-13 04:36:40', 'Terkonfirmasi'),
(165, 83, 59, 1, 39000, '2025-03-15 00:43:04', 'Terkonfirmasi'),
(166, 83, 54, 1, 15500, '2025-03-15 00:43:04', 'Terkonfirmasi'),
(167, 83, 38, 2, 13000, '2025-04-02 12:40:49', 'Terkonfirmasi'),
(168, 84, 38, 2, 13000, '2025-04-02 12:40:49', 'Terkonfirmasi'),
(169, 84, 45, 1, 6525, '2025-03-15 03:12:16', 'Terkonfirmasi'),
(170, 84, 71, 3, 18000, '2025-03-15 03:12:16', 'Terkonfirmasi'),
(171, 84, 70, 1, 6000, '2025-03-15 03:12:16', 'Terkonfirmasi'),
(172, 84, 88, 1, 15000, '2025-03-15 03:12:16', 'Terkonfirmasi'),
(173, 85, 71, 1, 12000, '2025-03-15 03:54:12', 'Terkonfirmasi'),
(174, 85, 79, 2, 40000, '2025-03-15 03:32:50', 'Terkonfirmasi'),
(176, 86, 87, 1, 15250, '2025-03-15 04:00:38', 'Terkonfirmasi'),
(177, 86, 31, 3, 15000, '2025-03-17 06:26:49', 'Terkonfirmasi'),
(178, 87, 64, 0, 31000, '2025-03-15 04:20:49', 'Terkonfirmasi'),
(179, 87, 85, 0, 73500, '2025-03-15 04:20:52', 'Terkonfirmasi'),
(180, 88, 85, 3, 73500, '2025-03-15 04:10:48', 'Terkonfirmasi'),
(181, 88, 69, 1, 25000, '2025-03-15 04:10:48', 'Terkonfirmasi'),
(182, 89, 64, 0, 31000, '2025-03-15 04:21:47', 'Terkonfirmasi'),
(183, 89, 68, 1, 5000, '2025-03-15 04:21:47', 'Terkonfirmasi'),
(185, 91, 51, 2, 128400, '2025-03-15 04:32:36', 'Terkonfirmasi'),
(186, 92, 59, 0, 0, '2025-03-15 04:47:53', 'Terkonfirmasi'),
(187, 93, 71, 0, 0, '2025-03-16 12:48:06', 'Terkonfirmasi'),
(188, 94, 71, 1, 6000, '2025-03-16 12:46:55', 'Terkonfirmasi'),
(189, 95, 71, 0, 0, '2025-03-16 13:05:15', 'Terkonfirmasi'),
(190, 96, 71, 1, 6000, '2025-03-16 12:53:29', 'Terkonfirmasi'),
(191, 97, 71, 0, 0, '2025-03-16 13:08:36', 'Terkonfirmasi'),
(192, 98, 71, 2, 12000, '2025-03-16 13:08:05', 'Terkonfirmasi'),
(193, 99, 71, 2, 12000, '2025-03-16 13:14:35', 'Terkonfirmasi'),
(194, 100, 71, 0, 0, '2025-03-16 13:15:34', 'Terkonfirmasi'),
(195, 101, 71, 0, 0, '2025-03-16 13:47:51', 'Terkonfirmasi'),
(196, 102, 71, 1, 6000, '2025-03-16 13:45:48', 'Terkonfirmasi'),
(197, 103, 71, 2, 12000, '2025-03-16 14:06:19', 'Terkonfirmasi'),
(198, 104, 71, 1, 6000, '2025-03-16 14:08:49', 'Terkonfirmasi'),
(200, 106, 43, 1, 10000, '2025-03-16 14:15:40', 'Terkonfirmasi'),
(201, 106, 71, 1, 6000, '2025-03-16 14:15:42', 'Terkonfirmasi'),
(203, 108, 71, 0, 0, '2025-03-16 14:21:38', 'Terkonfirmasi'),
(204, 109, 71, 3, 18000, '2025-03-16 14:31:21', 'Terkonfirmasi'),
(206, 111, 71, 2, 12000, '2025-03-16 14:33:52', ''),
(207, 112, 71, 2, 12000, '2025-03-16 14:48:30', 'Terkonfirmasi'),
(208, 113, 31, 3, 15000, '2025-03-17 00:10:07', 'Terkonfirmasi'),
(209, 113, 45, 2, 13050, '2025-03-17 00:10:23', 'Terkonfirmasi'),
(210, 113, 36, 2, 11000, '2025-03-17 06:25:07', 'Terkonfirmasi'),
(211, 114, 35, 2, 13000, '2025-03-17 00:13:26', 'Terkonfirmasi'),
(213, 114, 68, 2, 10000, '2025-03-17 00:13:32', 'Terkonfirmasi'),
(214, 115, 31, 3, 15000, '2025-03-17 06:26:49', 'Terkonfirmasi'),
(215, 115, 38, 2, 13000, '2025-04-02 12:40:49', 'Terkonfirmasi'),
(217, 116, 41, 3, 7500, '2025-03-17 00:37:33', 'Terkonfirmasi'),
(218, 116, 40, 3, 4500, '2025-03-17 00:37:35', 'Terkonfirmasi'),
(220, 117, 37, 1, 13500, '2025-03-17 00:58:22', ''),
(221, 118, 69, 1, 25000, '2025-03-17 01:19:05', 'Terkonfirmasi'),
(223, 119, 38, 2, 13000, '2025-04-02 12:40:49', 'Terkonfirmasi'),
(224, 119, 31, 3, 15000, '2025-03-17 06:26:49', 'Terkonfirmasi'),
(226, 120, 31, 3, 15000, '2025-03-17 06:26:49', 'Terkonfirmasi'),
(228, 121, 36, 2, 11000, '2025-03-17 06:25:07', 'Terkonfirmasi'),
(230, 122, 31, 3, 15000, '2025-03-17 06:26:49', 'Terkonfirmasi'),
(231, 122, 36, 2, 11000, '2025-03-17 02:50:31', 'Terkonfirmasi'),
(232, 123, 31, 3, 15000, '2025-03-17 06:26:49', ''),
(233, 124, 35, 1, 6500, '2025-03-17 03:17:14', 'Terkonfirmasi'),
(234, 124, 31, 3, 15000, '2025-03-17 06:26:49', 'Terkonfirmasi'),
(237, 126, 84, 4, 66000, '2025-04-14 07:12:11', 'Terkonfirmasi'),
(238, 127, 31, 3, 15000, '2025-03-17 06:28:24', 'Terkonfirmasi'),
(239, 127, 38, 2, 13000, '2025-03-17 06:28:12', 'Terkonfirmasi'),
(240, 127, 89, 2, 19000, '2025-03-17 06:28:27', 'Terkonfirmasi'),
(241, 127, 36, 2, 11000, '2025-03-17 06:28:20', 'Terkonfirmasi'),
(242, 128, 35, 1, 6500, '2025-03-22 10:46:29', ''),
(243, 129, 38, 2, 13000, '2025-04-02 12:41:12', 'Terkonfirmasi'),
(244, 129, 36, 1, 5500, '2025-04-02 12:41:10', 'Terkonfirmasi'),
(245, 130, 38, 1, 6500, '2025-04-07 06:49:59', ''),
(246, 131, 38, 1, 6500, '2025-04-14 06:40:53', 'Terkonfirmasi'),
(247, 131, 45, 1, 6525, '2025-04-14 06:40:53', 'Terkonfirmasi');

-- --------------------------------------------------------

--
-- Table structure for table `jual`
--

CREATE TABLE `jual` (
  `idjual` int(11) NOT NULL,
  `user` varchar(50) NOT NULL,
  `produk` varchar(50) NOT NULL,
  `category` varchar(50) NOT NULL,
  `tersedia` int(11) NOT NULL,
  `hargajual` int(11) NOT NULL,
  `harga` int(11) NOT NULL,
  `profit` int(11) NOT NULL,
  `image` varchar(50) NOT NULL
) ENGINE=InnoDB DEFAULT CHARSET=utf8mb4 COLLATE=utf8mb4_general_ci;

--
-- Dumping data for table `jual`
--

INSERT INTO `jual` (`idjual`, `user`, `produk`, `category`, `tersedia`, `hargajual`, `harga`, `profit`, `image`) VALUES
(35, 'jekgawne', 'Thai Tea', 'Lainnya', 10, 12500, 10000, 2500, 'thai.jpeg');

-- --------------------------------------------------------

--
-- Table structure for table `keluar`
--

CREATE TABLE `keluar` (
  `idkeluar` int(11) NOT NULL,
  `nproduk` varchar(50) NOT NULL,
  `tanggal` timestamp NOT NULL DEFAULT current_timestamp() ON UPDATE current_timestamp(),
  `keterangan` varchar(50) NOT NULL,
  `pjawab` varchar(50) NOT NULL,
  `jumlah` int(11) NOT NULL
) ENGINE=InnoDB DEFAULT CHARSET=utf8mb4 COLLATE=utf8mb4_general_ci;

--
-- Dumping data for table `keluar`
--

INSERT INTO `keluar` (`idkeluar`, `nproduk`, `tanggal`, `keterangan`, `pjawab`, `jumlah`) VALUES
(1, '39', '2025-02-01 03:05:13', 'Barang Rusak', '', 5),
(4, '46', '2025-02-01 03:06:54', 'Barang Terjual', '', 12),
(5, '38', '2025-02-01 03:07:36', 'Barang Hilang', '', 11),
(6, '37', '2025-02-01 03:37:46', 'Barang Rusak', '', 11),
(7, '38', '2025-02-03 03:27:33', 'Barang Hilang', '', 11),
(16, '39', '2025-02-05 21:02:14', 'Barang Terjual', '', 2),
(17, '45', '2025-02-05 21:02:14', 'Barang Terjual', '', 1),
(18, '47', '2025-02-05 21:02:14', 'Barang Terjual', '', 1),
(19, '46', '2025-02-05 21:02:14', 'Barang Terjual', '', 2),
(20, '53', '2025-02-05 21:02:15', 'Barang Terjual', '', 1),
(21, '36', '2025-02-05 21:02:15', 'Barang Terjual', '', 2),
(22, '37', '2025-02-05 21:02:15', 'Barang Terjual', '', 2),
(23, '43', '2025-02-05 21:02:15', 'Barang Terjual', '', 2),
(24, '36', '2025-02-05 21:22:30', 'Barang Terjual', '', 1),
(25, '43', '2025-02-05 21:22:31', 'Barang Terjual', '', 1),
(26, '53', '2025-02-05 21:22:31', 'Barang Terjual', '', 1),
(27, '38', '2025-02-05 21:22:31', 'Barang Terjual', '', 2),
(28, '39', '2025-02-06 03:25:37', 'Barang Terjual', '', 2),
(29, '45', '2025-02-06 03:25:37', 'Barang Terjual', '', 1),
(30, '47', '2025-02-06 03:25:37', 'Barang Terjual', '', 1),
(31, '46', '2025-02-06 03:25:37', 'Barang Terjual', '', 2),
(32, '53', '2025-02-06 03:25:37', 'Barang Terjual', '', 1),
(33, '36', '2025-02-06 03:25:37', 'Barang Terjual', '', 2),
(34, '37', '2025-02-06 03:25:37', 'Barang Terjual', '', 2),
(35, '43', '2025-02-06 03:25:37', 'Barang Terjual', '', 2),
(36, '36', '2025-02-06 03:35:32', 'Barang Terjual', '', 5),
(37, '45', '2025-02-06 04:07:58', 'Barang Terjual', '', 5),
(38, '38', '2025-02-06 04:07:58', 'Barang Terjual', '', 5),
(39, '46', '2025-02-06 04:07:58', 'Barang Terjual', '', 5),
(40, '36', '2025-02-06 06:12:04', 'Barang Terjual', '', 5),
(41, '39', '2025-02-07 02:47:11', 'Barang Terjual', '', 1),
(42, '43', '2025-02-07 02:47:11', 'Barang Terjual', '', 1),
(43, '45', '2025-02-07 02:47:11', 'Barang Terjual', '', 1),
(44, '43', '2025-02-07 03:39:37', 'Barang Terjual', '', 1),
(45, '45', '2025-02-07 03:39:37', 'Barang Terjual', '', 1),
(46, '43', '2025-02-07 03:45:02', 'Barang Terjual', '', 1),
(47, '45', '2025-02-07 03:45:02', 'Barang Terjual', '', 1),
(48, '43', '2025-02-07 03:45:34', 'Barang Terjual', '', 1),
(49, '45', '2025-02-07 03:45:34', 'Barang Terjual', '', 1),
(50, '43', '2025-02-07 03:47:03', 'Barang Terjual', '', 1),
(51, '45', '2025-02-07 03:47:04', 'Barang Terjual', '', 1),
(52, '43', '2025-02-07 03:48:05', 'Barang Terjual', '', 1),
(53, '45', '2025-02-07 03:48:05', 'Barang Terjual', '', 1),
(54, '43', '2025-02-07 03:48:15', 'Barang Terjual', '', 1),
(55, '45', '2025-02-07 03:48:17', 'Barang Terjual', '', 1),
(56, '43', '2025-02-07 03:48:53', 'Barang Terjual', '', 1),
(57, '45', '2025-02-07 03:48:53', 'Barang Terjual', '', 1),
(58, '43', '2025-02-07 03:54:54', 'Barang Terjual', '', 1),
(59, '45', '2025-02-07 03:54:54', 'Barang Terjual', '', 1),
(60, '46', '2025-02-07 06:16:24', 'Barang Terjual', '', 3),
(61, '36', '2025-02-07 06:16:24', 'Barang Terjual', '', 2),
(62, '39', '2025-02-07 07:15:23', 'Barang Terjual', '', 1),
(63, '38', '2025-02-07 07:15:23', 'Barang Terjual', '', 4),
(64, '57', '2025-02-10 04:31:20', 'Barang Terjual', '', 2),
(65, '59', '2025-02-10 04:31:20', 'Barang Terjual', '', 3),
(66, '58', '2025-02-10 04:31:20', 'Barang Terjual', '', 1),
(67, '38', '2025-02-11 06:45:41', 'Barang Terjual', '', 2),
(68, '46', '2025-02-11 06:45:41', 'Barang Terjual', '', 2),
(69, '46', '2025-02-11 07:09:55', 'Barang Hilang', '', 56),
(70, '31', '2025-02-11 07:20:53', 'Barang Terjual', '', 5),
(71, '31', '2025-02-11 07:22:41', 'Barang Rusak', '', 6),
(72, '39', '2025-02-13 01:54:58', 'Barang Rusak', '', 2),
(73, '38', '2025-02-13 07:57:24', 'Barang Hilang', '', 15),
(74, '43', '2025-02-14 01:55:58', 'Barang Hilang', '', 8),
(75, '46', '2025-02-14 03:24:51', 'Barang Rusak', '', 4),
(76, '38', '2025-02-14 06:29:52', 'Barang Rusak', '', 8),
(77, '37', '2025-02-14 06:43:20', 'Barang Terjual', '', 1),
(78, '38', '2025-02-15 04:37:37', 'Barang Terjual', '', 1),
(79, '45', '2025-02-15 04:37:37', 'Barang Terjual', '', 1),
(80, '38', '2025-02-17 02:20:26', 'Barang Terjual', '', 3),
(81, '45', '2025-02-17 02:20:26', 'Barang Terjual', '', 3),
(82, '46', '2025-02-17 02:20:26', 'Barang Terjual', '', 3),
(83, '36', '2025-02-17 02:20:32', 'Barang Terjual', '', 1),
(84, '39', '2025-02-17 02:20:32', 'Barang Terjual', '', 1),
(85, '38', '2025-02-17 02:20:44', 'Barang Terjual', '', 3),
(86, '31', '2025-02-17 06:34:56', 'Barang Terjual', '', 1),
(87, '38', '2025-02-17 06:35:05', 'Barang Terjual', '', 1),
(88, '46', '2025-02-17 06:35:05', 'Barang Terjual', '', 1),
(89, '45', '2025-02-17 06:35:05', 'Barang Terjual', '', 1),
(90, '58', '2025-02-17 06:35:15', 'Barang Terjual', '', 1),
(91, '45', '2025-02-17 06:35:15', 'Barang Terjual', '', 1),
(92, '64', '2025-02-18 01:58:09', 'Barang Terjual', '', 1),
(93, '36', '2025-02-18 01:58:09', 'Barang Terjual', '', 3),
(94, '59', '2025-02-18 01:58:09', 'Barang Terjual', '', 2),
(95, '38', '2025-02-18 01:58:26', 'Barang Terjual', '', 2),
(96, '45', '2025-02-18 01:58:26', 'Barang Terjual', '', 2),
(97, '46', '2025-02-18 01:59:03', 'Barang Terjual', '', 1),
(98, '37', '2025-02-18 01:59:03', 'Barang Terjual', '', 1),
(99, '38', '2025-02-19 00:38:36', 'Barang Terjual', '', 1),
(100, '59', '2025-02-19 00:38:36', 'Barang Terjual', '', 2),
(101, '61', '2025-02-19 00:38:36', 'Barang Terjual', '', 1),
(102, '38', '2025-02-19 03:26:56', 'Barang Terjual', '', 1),
(103, '38', '2025-02-19 03:27:05', 'Barang Terjual', '', 3),
(104, '66', '2025-02-19 06:58:38', 'Barang Terjual', '', 5),
(105, '45', '2025-02-19 06:58:38', 'Barang Terjual', '', 2),
(106, '53', '2025-02-20 00:44:15', 'Barang Terjual', '', 3),
(107, '69', '2025-02-20 00:44:15', 'Barang Terjual', '', 1),
(108, '68', '2025-02-20 00:44:15', 'Barang Terjual', '', 1),
(109, '36', '2025-02-20 00:44:15', 'Barang Terjual', '', 1),
(110, '51', '2025-02-20 00:44:41', 'Barang Terjual', '', 1),
(111, '37', '2025-02-20 00:44:41', 'Barang Terjual', '', 1),
(112, '38', '2025-02-20 00:44:41', 'Barang Terjual', '', 1),
(113, '47', '2025-02-20 00:44:46', 'Barang Terjual', '', 1),
(114, '43', '2025-02-20 00:44:46', 'Barang Terjual', '', 1),
(115, '53', '2025-02-20 00:44:46', 'Barang Terjual', '', 1),
(116, '39', '2025-02-20 00:57:56', 'Barang Terjual', '', 1),
(117, '39', '2025-02-20 01:05:39', 'Barang Hilang', '', 1),
(118, '53', '2025-02-20 13:11:09', 'Barang Terjual', '', 1),
(119, '78', '2025-02-21 06:27:38', 'Barang Terjual', '', 1),
(120, '69', '2025-02-21 06:27:38', 'Barang Terjual', '', 1),
(121, '59', '2025-02-21 06:27:38', 'Barang Terjual', '', 1),
(122, '58', '2025-02-21 06:27:38', 'Barang Terjual', '', 2),
(123, '45', '2025-02-21 06:27:48', 'Barang Terjual', '', 1),
(124, '64', '2025-02-21 06:50:52', 'Barang Terjual', '', 1),
(125, '38', '2025-02-22 04:13:41', 'Barang Terjual', '', 2),
(126, '69', '2025-02-22 04:13:41', 'Barang Terjual', '', 1),
(127, '79', '2025-02-22 04:13:41', 'Barang Terjual', '', 2),
(128, '71', '2025-02-22 04:13:41', 'Barang Terjual', '', 2),
(129, '71', '2025-02-26 00:26:20', 'Barang Terjual', '', 3),
(130, '38', '2025-02-26 00:26:20', 'Barang Terjual', '', 2),
(131, '47', '2025-02-26 00:26:20', 'Barang Terjual', '', 4),
(132, '86', '2025-03-10 02:36:40', 'Barang Terjual', '', 5),
(133, '35', '2025-03-10 02:40:23', 'Barang Terjual', '', 2),
(134, '60', '2025-03-10 02:48:39', 'Barang Terjual', '', 1),
(135, '35', '2025-03-10 02:48:39', 'Barang Terjual', '', 1),
(136, '46', '2025-03-13 01:13:33', 'Barang Terjual', 'Dmitri Mayakovski', 1),
(137, '43', '2025-03-13 01:22:43', 'Barang Terjual', 'Dmitri Mayakovski', 1),
(138, '78', '2025-03-13 01:22:43', 'Barang Terjual', 'Dmitri Mayakovski', 1),
(139, '79', '2025-03-13 01:22:43', 'Barang Terjual', 'Dmitri Mayakovski', 1),
(140, '46', '2025-03-13 01:55:44', 'Barang Terjual', 'Dmitri Mayakovski', 1),
(141, '71', '2025-03-13 02:47:29', 'Barang Terjual', 'Dmitri Mayakovski', 1),
(142, '68', '2025-03-13 02:49:51', 'Barang Terjual', 'Dmitri Mayakovski', 1),
(143, '45', '2025-03-13 03:36:19', 'Barang Terjual', 'Dmitri Mayakovski', 1),
(144, '36', '2025-03-13 03:36:19', 'Barang Terjual', 'Dmitri Mayakovski', 2),
(145, '35', '2025-03-13 04:36:40', 'Barang Terjual', 'Dmitri Mayakovski', 2),
(146, '54', '2025-03-13 04:36:40', 'Barang Terjual', 'Dmitri Mayakovski', 2),
(147, '78', '2025-03-13 04:36:40', 'Barang Terjual', 'Dmitri Mayakovski', 1),
(148, '60', '2025-03-13 04:36:40', 'Barang Terjual', 'Dmitri Mayakovski', 1),
(149, '39', '2025-03-14 03:21:56', 'Barang Terjual', 'Molyadi', 2),
(151, '40', '2025-03-14 03:23:11', 'Barang Hilang', 'Molyadi', 7),
(152, '43', '2025-03-14 03:25:17', 'Barang Rusak', 'Molyadi', 2),
(153, '46', '2025-03-14 03:25:42', 'Barang Terjual', 'Molyadi', 3),
(154, '59', '2025-03-15 00:43:04', 'Barang Terjual', 'Molyadi', 1),
(155, '54', '2025-03-15 00:43:04', 'Barang Terjual', 'Molyadi', 1),
(156, '38', '2025-03-15 00:43:04', 'Barang Terjual', 'Molyadi', 1),
(157, '38', '2025-03-15 03:12:16', 'Barang Terjual', 'Dmitri Mayakovski', 1),
(158, '45', '2025-03-15 03:12:16', 'Barang Terjual', 'Dmitri Mayakovski', 1),
(159, '71', '2025-03-15 03:12:16', 'Barang Terjual', 'Dmitri Mayakovski', 3),
(160, '70', '2025-03-15 03:12:16', 'Barang Terjual', 'Dmitri Mayakovski', 1),
(161, '88', '2025-03-15 03:12:16', 'Barang Terjual', 'Dmitri Mayakovski', 1),
(162, '79', '2025-03-15 03:32:50', 'Barang Terjual', 'Dmitri Mayakovski', 2),
(163, '71', '2025-03-15 03:54:12', 'Barang Terjual', 'Dmitri Mayakovski', 1),
(164, '79', '2025-03-15 03:54:12', 'Barang Terjual', 'Dmitri Mayakovski', 2),
(165, '87', '2025-03-15 04:00:38', 'Barang Terjual', 'Dmitri Mayakovski', 1),
(166, '31', '2025-03-15 04:00:38', 'Barang Terjual', 'Dmitri Mayakovski', 1),
(167, '64', '2025-03-15 04:04:25', 'Barang Terjual', 'Dmitri Mayakovski', 3),
(168, '85', '2025-03-15 04:10:48', 'Barang Terjual', 'Mlehoy', 3),
(169, '69', '2025-03-15 04:10:48', 'Barang Terjual', 'Mlehoy', 1),
(170, '64', '2025-03-15 04:20:48', 'Barang Terjual', 'Mlehoy', 1),
(171, '85', '2025-03-15 04:20:52', 'Barang Terjual', 'Mlehoy', 2),
(173, '68', '2025-03-15 04:21:47', 'Barang Terjual', 'Mlehoy', 1),
(174, '51', '2025-03-15 04:32:36', 'Barang Terjual', 'Molyadi', 2),
(175, '59', '2025-03-15 04:46:14', 'Barang Terjual', 'Molyadi', 5),
(176, '59', '2025-03-15 04:47:51', 'Barang Terjual', 'Molyadi', 1),
(177, '71', '2025-03-16 12:46:55', 'Barang Terjual', 'Dmitri Mayakovski', 2),
(178, '71', '2025-03-16 12:48:05', 'Barang Terjual', 'Dmitri Mayakovski', 1),
(179, '71', '2025-03-16 12:53:29', 'Barang Terjual', 'Mlehoy', 2),
(180, '71', '2025-03-16 13:05:14', 'Barang Terjual', 'Mlehoy', 1),
(181, '71', '2025-03-16 13:08:05', 'Barang Terjual', 'Molyadi', 2),
(182, '71', '2025-03-16 13:08:36', 'Barang Terjual', 'Molyadi', 1),
(183, '71', '2025-03-16 13:14:35', 'Barang Terjual', 'Dmitri Mayakovski', 2),
(184, '71', '2025-03-16 13:15:33', 'Barang Terjual', 'Dmitri Mayakovski', 1),
(185, '71', '2025-03-16 13:45:48', 'Barang Terjual', 'Dmitri Mayakovski', 2),
(186, '71', '2025-03-16 13:47:51', 'Barang Terjual', 'Dmitri Mayakovski', 1),
(187, '71', '2025-03-16 14:06:19', 'Barang Terjual', 'Dmitri Mayakovski', 2),
(188, '71', '2025-03-16 14:08:49', 'Barang Terjual', 'Dmitri Mayakovski', 1),
(189, '43', '2025-03-16 14:15:40', 'Barang Terjual', 'Dmitri Mayakovski', 1),
(190, '71', '2025-03-16 14:15:42', 'Barang Terjual', 'Dmitri Mayakovski', 2),
(191, '71', '2025-03-16 14:21:38', 'Barang Terjual', 'Dmitri Mayakovski', 3),
(192, '71', '2025-03-16 14:31:21', 'Barang Terjual', 'Mlehoy', 3),
(193, '71', '2025-03-16 14:48:30', 'Barang Terjual', 'Dmitri Mayakovski', 2),
(194, '31', '2025-03-17 00:10:07', 'Barang Terjual', 'Dmitri Mayakovski', 3),
(195, '45', '2025-03-17 00:10:23', 'Barang Terjual', 'Dmitri Mayakovski', 2),
(196, '36', '2025-03-17 00:10:35', 'Barang Terjual', 'Dmitri Mayakovski', 1),
(197, '35', '2025-03-17 00:13:26', 'Barang Terjual', 'Dmitri Mayakovski', 2),
(198, '68', '2025-03-17 00:13:32', 'Barang Terjual', 'Dmitri Mayakovski', 2),
(199, '38', '2025-03-17 00:18:27', 'Barang Terjual', 'Dmitri Mayakovski', 1),
(200, '31', '2025-03-17 00:18:30', 'Barang Terjual', 'Dmitri Mayakovski', 1),
(201, '41', '2025-03-17 00:37:33', 'Barang Terjual', 'Dmitri Mayakovski', 3),
(202, '40', '2025-03-17 00:37:35', 'Barang Terjual', 'Dmitri Mayakovski', 3),
(203, '69', '2025-03-17 01:19:05', 'Barang Terjual', 'Dmitri Mayakovski', 1),
(204, '38', '2025-03-17 01:39:49', 'Barang Terjual', 'Dmitri Mayakovski', 1),
(205, '31', '2025-03-17 01:39:52', 'Barang Terjual', 'Dmitri Mayakovski', 1),
(206, '31', '2025-03-17 01:41:52', 'Barang Terjual', 'Dmitri Mayakovski', 1),
(207, '36', '2025-03-17 01:45:41', 'Barang Terjual', 'Dmitri Mayakovski', 1),
(208, '38', '2025-03-17 02:12:47', 'Barang Terjual', 'Dmitri Mayakovski', 2),
(209, '38', '2025-03-17 02:46:59', 'Barang Hilang', 'Dmitri Mayakovski', 5),
(210, '31', '2025-03-17 02:50:22', 'Barang Terjual', 'Dmitri Mayakovski', 2),
(211, '36', '2025-03-17 02:50:31', 'Barang Terjual', 'Dmitri Mayakovski', 2),
(212, '35', '2025-03-17 03:17:14', 'Barang Terjual', 'Dmitri Mayakovski', 1),
(213, '31', '2025-03-17 03:17:18', 'Barang Terjual', 'Dmitri Mayakovski', 1),
(214, '84', '2025-03-17 03:53:12', 'Barang Terjual', 'Dmitri Mayakovski', 3),
(215, '38', '2025-03-17 06:28:12', 'Barang Terjual', 'Molyadi', 2),
(216, '36', '2025-03-17 06:28:20', 'Barang Terjual', 'Molyadi', 2),
(217, '31', '2025-03-17 06:28:24', 'Barang Terjual', 'Molyadi', 3),
(218, '89', '2025-03-17 06:28:27', 'Barang Terjual', 'Molyadi', 2),
(219, '36', '2025-04-02 12:41:10', 'Barang Terjual', 'Dmitri Mayakovski', 1),
(220, '38', '2025-04-02 12:41:12', 'Barang Terjual', 'Dmitri Mayakovski', 2),
(221, '38', '2025-04-14 06:40:53', 'Barang Terjual', 'Dmitri Mayakovski', 1),
(222, '45', '2025-04-14 06:40:53', 'Barang Terjual', 'Dmitri Mayakovski', 1),
(223, '84', '2025-04-14 07:12:11', 'Barang Terjual', 'Mlehoy', 4);

-- --------------------------------------------------------

--
-- Table structure for table `login`
--

CREATE TABLE `login` (
  `id` int(11) NOT NULL,
  `username` varchar(25) NOT NULL,
  `password` varchar(25) NOT NULL,
  `nama` varchar(50) NOT NULL,
  `telepon` varchar(13) NOT NULL,
  `alamat` varchar(200) NOT NULL
) ENGINE=InnoDB DEFAULT CHARSET=utf8mb4 COLLATE=utf8mb4_general_ci;

--
-- Dumping data for table `login`
--

INSERT INTO `login` (`id`, `username`, `password`, `nama`, `telepon`, `alamat`) VALUES
(10, 'eldiablo', 'eldiablo', 'Marenol', '2147483647', ''),
(12, 'jackahuuna', '1234', 'Jack Kahoona Lagoona', '089134147613', ''),
(13, 'jekgawne', '1234', 'Jack Gawne', '087137371711', ''),
(14, 'erona91', '1234', 'Erona Linda', '088811119922', ''),
(15, 'm.doel11', '9971', 'Doel Jaelani', '081234567890', ''),
(16, 'renegade99', 'warhammer', 'Renard El', '0000000000', ''),
(17, 'ndoghoren', 'elvis991', 'Tumin', '01010001', ''),
(18, 'lower99', '1234', 'Blacky Men', '000000001111', ''),
(19, 'lohek', 'lohek1234', 'Nganu Sek', '000000000', ''),
(20, 'wawawa', 'wawawa', 'wawawa', '123456789', ''),
(21, 'test111', '1234', 'Test', '11111', '');

-- --------------------------------------------------------

--
-- Table structure for table `masuk`
--

CREATE TABLE `masuk` (
  `idmasuk` int(11) NOT NULL,
  `nproduk` varchar(50) NOT NULL,
  `tanggal` timestamp NOT NULL DEFAULT current_timestamp(),
  `keterangan` varchar(500) NOT NULL,
  `jumlah` int(11) NOT NULL
) ENGINE=InnoDB DEFAULT CHARSET=utf8mb4 COLLATE=utf8mb4_general_ci;

--
-- Dumping data for table `masuk`
--

INSERT INTO `masuk` (`idmasuk`, `nproduk`, `tanggal`, `keterangan`, `jumlah`) VALUES
(1, '37', '2025-01-31 06:23:40', 'Mulyadi', 0),
(2, '43', '2025-01-31 06:36:42', 'Mul', 0),
(3, '35', '2025-01-31 07:18:20', 'Tri', 8),
(4, '38', '2025-01-31 07:30:52', 'Mol', 14),
(5, '31', '2025-02-01 00:57:23', 'Mul', 20),
(6, '31', '2025-02-01 01:00:54', 'Jon', 20),
(7, '46', '2025-02-02 13:39:41', 'Jek', 26),
(8, '46', '2025-02-02 13:54:11', 'Mul', 26),
(12, '46', '2025-02-03 03:05:13', 'Viktor', 26),
(20, '46', '2025-02-03 03:17:30', 'Mels', 26),
(23, '46', '2025-02-03 03:23:18', 'Blown', 26),
(24, '59', '2025-02-10 06:22:39', 'Mul', 5),
(25, '61', '2025-02-11 06:51:59', 'Skyrim ', 25),
(26, '31', '2025-02-11 07:18:40', 'ABC', 10),
(27, '31', '2025-02-11 07:30:46', 'siapa', 1),
(28, '46', '2025-02-13 07:37:29', 'Gondrong', 14),
(29, '40', '2025-02-18 04:06:19', 'Mul', 20),
(30, '39', '2025-02-20 01:11:32', 'Alvin', 2),
(34, '79', '2025-02-21 02:41:53', 'Admin', 25),
(35, '53', '2025-02-22 03:57:01', 'Jon', 40),
(36, '80', '2025-02-26 00:42:05', 'Admin', 20),
(37, '38', '2025-03-01 02:30:27', 'Mul', 13),
(39, '38', '2025-03-01 02:38:01', 'Gondrong', 12),
(40, '64', '2025-03-07 03:34:37', 'Gondrong', 4),
(41, '84', '2025-03-08 00:42:11', 'jackahuuna', 7),
(42, '85', '2025-03-08 00:52:56', 'Jack Gawne', 5),
(43, '86', '2025-03-10 02:34:42', 'Admin', 15),
(44, '40', '2025-03-10 02:35:26', 'Mul', 20),
(45, '87', '2025-03-12 07:40:41', 'Dmitri Mayakovski', 15),
(46, '88', '2025-03-13 04:55:05', 'Jack Gawne', 10),
(47, '59', '2025-03-14 07:32:23', 'Gondrong', 7),
(48, '71', '2025-03-16 12:33:07', 'Mul', 3),
(49, '71', '2025-03-16 12:49:50', 'Tri', 3),
(50, '71', '2025-03-16 13:06:31', 'Elon', 3),
(51, '71', '2025-03-16 13:10:14', 'Tri', 3),
(52, '71', '2025-03-16 13:24:29', 'Wawan', 3),
(53, '71', '2025-03-16 14:04:24', 'Jon', 3),
(54, '71', '2025-03-16 14:13:29', 'Gondrong', 3),
(55, '71', '2025-03-16 14:19:37', 'Gondrong', 3),
(56, '71', '2025-03-16 14:28:43', 'Mul', 2),
(57, '71', '2025-03-16 14:33:35', 'Gondrong', 3),
(58, '71', '2025-03-17 01:03:02', 'Gondrong', 10),
(59, '88', '2025-03-17 01:07:28', 'Jon', 5),
(60, '79', '2025-03-17 01:07:42', 'Elon', 9),
(61, '36', '2025-03-17 01:08:00', 'Tri', 6),
(62, '80', '2025-03-17 01:10:15', 'Jon', 4),
(63, '39', '2025-03-17 01:10:39', 'Gondrong', 2),
(64, '38', '2025-03-17 01:12:22', 'Renaldi', 12),
(65, '60', '2025-03-17 01:12:56', 'Mulyadi', 4),
(66, '89', '2025-03-17 02:45:34', 'Dmitri Mayakovski', 20),
(67, '38', '2025-03-17 02:46:15', 'Gondrong', 5),
(68, '90', '2025-03-17 02:49:10', 'Jack Gawne', 10);

-- --------------------------------------------------------

--
-- Table structure for table `nota`
--

CREATE TABLE `nota` (
  `id` int(11) NOT NULL,
  `idpemesanan` int(11) NOT NULL,
  `namaproduk` varchar(50) NOT NULL,
  `harga` int(11) NOT NULL,
  `jumlah` int(11) NOT NULL,
  `tunai` int(11) NOT NULL,
  `diskon` int(11) NOT NULL,
  `ppn` int(11) NOT NULL,
  `kembali` int(11) NOT NULL,
  `tanggal_cetak` datetime NOT NULL
) ENGINE=MyISAM DEFAULT CHARSET=latin1 COLLATE=latin1_swedish_ci;

--
-- Dumping data for table `nota`
--

INSERT INTO `nota` (`id`, `idpemesanan`, `namaproduk`, `harga`, `jumlah`, `tunai`, `diskon`, `ppn`, `kembali`, `tanggal_cetak`) VALUES
(1, 127, 'Mix  Nut', 15000, 3, 60000, 0, 0, 2000, '2025-03-21 18:20:01'),
(2, 127, 'Sukro Oven Spicy', 13000, 2, 60000, 0, 0, 2000, '2025-03-21 18:20:01'),
(3, 127, 'Roni', 19000, 2, 60000, 0, 0, 2000, '2025-03-21 18:20:01'),
(4, 127, 'Kacang Garing', 11000, 2, 60000, 0, 0, 2000, '2025-03-21 18:20:01'),
(5, 129, 'Sukro Oven Spicy', 13000, 2, 20000, 0, 0, 1500, '2025-04-02 05:47:17'),
(6, 129, 'Kacang Garing', 5500, 1, 20000, 0, 0, 1500, '2025-04-02 05:47:17'),
(7, 129, 'Sukro Oven Spicy', 13000, 2, 20000, 0, 0, 1500, '2025-04-06 07:17:55'),
(8, 129, 'Kacang Garing', 5500, 1, 20000, 0, 0, 1500, '2025-04-06 07:17:55'),
(9, 129, 'Sukro Oven Spicy', 13000, 2, 20000, 0, 0, 1500, '2025-04-06 07:49:28'),
(10, 129, 'Kacang Garing', 5500, 1, 20000, 0, 0, 1500, '2025-04-06 07:49:28'),
(11, 129, 'Sukro Oven Spicy', 13000, 2, 20000, 0, 0, 1500, '2025-04-06 07:54:06'),
(12, 129, 'Kacang Garing', 5500, 1, 20000, 0, 0, 1500, '2025-04-06 07:54:06'),
(13, 127, 'Mix  Nut', 15000, 3, 60000, 0, 0, 2000, '2025-04-06 19:39:03'),
(14, 127, 'Sukro Oven Spicy', 13000, 2, 60000, 0, 0, 2000, '2025-04-06 19:39:03'),
(15, 127, 'Roni', 19000, 2, 60000, 0, 0, 2000, '2025-04-06 19:39:03'),
(16, 127, 'Kacang Garing', 11000, 2, 60000, 0, 0, 2000, '2025-04-06 19:39:03'),
(17, 127, 'Mix  Nut', 15000, 3, 65000, 0, 0, 4100, '2025-04-06 20:16:10'),
(18, 127, 'Sukro Oven Spicy', 13000, 2, 65000, 0, 0, 4100, '2025-04-06 20:16:10'),
(19, 127, 'Roni', 19000, 2, 65000, 0, 0, 4100, '2025-04-06 20:16:10'),
(20, 127, 'Kacang Garing', 11000, 2, 65000, 0, 0, 4100, '2025-04-06 20:16:10'),
(21, 127, 'Mix  Nut', 15000, 3, 70000, 0, 0, 6200, '2025-04-06 20:19:59'),
(22, 127, 'Sukro Oven Spicy', 13000, 2, 70000, 0, 0, 6200, '2025-04-06 20:19:59'),
(23, 127, 'Roni', 19000, 2, 70000, 0, 0, 6200, '2025-04-06 20:19:59'),
(24, 127, 'Kacang Garing', 11000, 2, 70000, 0, 0, 6200, '2025-04-06 20:19:59'),
(25, 127, 'Mix  Nut', 15000, 3, 6111, 0, 0, 0, '2025-04-06 20:23:22'),
(26, 127, 'Sukro Oven Spicy', 13000, 2, 6111, 0, 0, 0, '2025-04-06 20:23:22'),
(27, 127, 'Roni', 19000, 2, 6111, 0, 0, 0, '2025-04-06 20:23:22'),
(28, 127, 'Kacang Garing', 11000, 2, 6111, 0, 0, 0, '2025-04-06 20:23:22'),
(29, 127, 'Mix  Nut', 15000, 3, 61000, 0, 0, 100, '2025-04-06 20:23:52'),
(30, 127, 'Sukro Oven Spicy', 13000, 2, 61000, 0, 0, 100, '2025-04-06 20:23:52'),
(31, 127, 'Roni', 19000, 2, 61000, 0, 0, 100, '2025-04-06 20:23:52'),
(32, 127, 'Kacang Garing', 11000, 2, 61000, 0, 0, 100, '2025-04-06 20:23:52'),
(33, 127, 'Mix  Nut', 15000, 3, 65000, 0, 0, 1200, '2025-04-06 20:28:53'),
(34, 127, 'Sukro Oven Spicy', 13000, 2, 65000, 0, 0, 1200, '2025-04-06 20:28:53'),
(35, 127, 'Roni', 19000, 2, 65000, 0, 0, 1200, '2025-04-06 20:28:53'),
(36, 127, 'Kacang Garing', 11000, 2, 65000, 0, 0, 1200, '2025-04-06 20:28:53'),
(37, 127, 'Mix  Nut', 15000, 3, 65000, 0, 0, 4100, '2025-04-06 20:31:17'),
(38, 127, 'Sukro Oven Spicy', 13000, 2, 65000, 0, 0, 4100, '2025-04-06 20:31:17'),
(39, 127, 'Roni', 19000, 2, 65000, 0, 0, 4100, '2025-04-06 20:31:17'),
(40, 127, 'Kacang Garing', 11000, 2, 65000, 0, 0, 4100, '2025-04-06 20:31:17'),
(41, 127, 'Mix  Nut', 15000, 3, 65000, 0, 0, 3520, '2025-04-06 21:28:31'),
(42, 127, 'Sukro Oven Spicy', 13000, 2, 65000, 0, 0, 3520, '2025-04-06 21:28:31'),
(43, 127, 'Roni', 19000, 2, 65000, 0, 0, 3520, '2025-04-06 21:28:31'),
(44, 127, 'Kacang Garing', 11000, 2, 65000, 0, 0, 3520, '2025-04-06 21:28:31'),
(45, 129, 'Sukro Oven Spicy', 13000, 2, 20000, 0, 0, 1500, '2025-04-07 17:27:32'),
(46, 129, 'Kacang Garing', 5500, 1, 20000, 0, 0, 1500, '2025-04-07 17:27:32'),
(47, 127, 'Mix  Nut', 15000, 3, 60000, 0, 0, 2000, '2025-04-07 17:30:47'),
(48, 127, 'Sukro Oven Spicy', 13000, 2, 60000, 0, 0, 2000, '2025-04-07 17:30:47'),
(49, 127, 'Roni', 19000, 2, 60000, 0, 0, 2000, '2025-04-07 17:30:47'),
(50, 127, 'Kacang Garing', 11000, 2, 60000, 0, 0, 2000, '2025-04-07 17:30:47'),
(51, 127, 'Mix  Nut', 15000, 3, 100000, 0, 0, 42000, '2025-04-07 17:34:48'),
(52, 127, 'Sukro Oven Spicy', 13000, 2, 100000, 0, 0, 42000, '2025-04-07 17:34:48'),
(53, 127, 'Roni', 19000, 2, 100000, 0, 0, 42000, '2025-04-07 17:34:48'),
(54, 127, 'Kacang Garing', 11000, 2, 100000, 0, 0, 42000, '2025-04-07 17:34:48'),
(55, 127, 'Mix  Nut', 15000, 3, 60000, 0, 0, 2000, '2025-04-08 21:21:58'),
(56, 127, 'Sukro Oven Spicy', 13000, 2, 60000, 0, 0, 2000, '2025-04-08 21:21:58'),
(57, 127, 'Roni', 19000, 2, 60000, 0, 0, 2000, '2025-04-08 21:21:58'),
(58, 127, 'Kacang Garing', 11000, 2, 60000, 0, 0, 2000, '2025-04-08 21:21:58'),
(59, 127, 'Mix  Nut', 15000, 3, 59000, 0, 0, 1000, '2025-04-08 21:25:10'),
(60, 127, 'Sukro Oven Spicy', 13000, 2, 59000, 0, 0, 1000, '2025-04-08 21:25:10'),
(61, 127, 'Roni', 19000, 2, 59000, 0, 0, 1000, '2025-04-08 21:25:10'),
(62, 127, 'Kacang Garing', 11000, 2, 59000, 0, 0, 1000, '2025-04-08 21:25:10'),
(63, 127, 'Mix  Nut', 15000, 3, 60000, 0, 0, 2000, '2025-04-08 21:26:06'),
(64, 127, 'Sukro Oven Spicy', 13000, 2, 60000, 0, 0, 2000, '2025-04-08 21:26:06'),
(65, 127, 'Roni', 19000, 2, 60000, 0, 0, 2000, '2025-04-08 21:26:06'),
(66, 127, 'Kacang Garing', 11000, 2, 60000, 0, 0, 2000, '2025-04-08 21:26:06'),
(67, 127, 'Mix  Nut', 15000, 3, 60000, 0, 0, 2000, '2025-04-08 21:27:47'),
(68, 127, 'Sukro Oven Spicy', 13000, 2, 60000, 0, 0, 2000, '2025-04-08 21:27:47'),
(69, 127, 'Roni', 19000, 2, 60000, 0, 0, 2000, '2025-04-08 21:27:47'),
(70, 127, 'Kacang Garing', 11000, 2, 60000, 0, 0, 2000, '2025-04-08 21:27:47');

-- --------------------------------------------------------

--
-- Table structure for table `pemesanan`
--

CREATE TABLE `pemesanan` (
  `idpemesanan` int(11) NOT NULL,
  `userid` varchar(50) NOT NULL,
  `totalproduk` int(11) NOT NULL,
  `harga` int(11) NOT NULL,
  `tanggal` timestamp NOT NULL DEFAULT current_timestamp() ON UPDATE current_timestamp(),
  `status` varchar(20) NOT NULL
) ENGINE=InnoDB DEFAULT CHARSET=utf8mb4 COLLATE=utf8mb4_general_ci;

--
-- Dumping data for table `pemesanan`
--

INSERT INTO `pemesanan` (`idpemesanan`, `userid`, `totalproduk`, `harga`, `tanggal`, `status`) VALUES
(128, 'jekgawne', 1, 6500, '2025-03-22 10:46:29', 'Belum Bayar'),
(130, 'jackahuuna', 1, 6500, '2025-04-07 06:49:59', 'Belum Bayar');

-- --------------------------------------------------------

--
-- Table structure for table `pesanan_selesai`
--

CREATE TABLE `pesanan_selesai` (
  `id` int(11) NOT NULL,
  `idpemesanan` int(11) NOT NULL,
  `user` varchar(50) NOT NULL,
  `totalproduk` int(11) NOT NULL,
  `harga` int(11) NOT NULL,
  `tanggal` timestamp NOT NULL DEFAULT current_timestamp() ON UPDATE current_timestamp(),
  `status` varchar(20) NOT NULL
) ENGINE=MyISAM DEFAULT CHARSET=latin1 COLLATE=latin1_swedish_ci;

--
-- Dumping data for table `pesanan_selesai`
--

INSERT INTO `pesanan_selesai` (`id`, `idpemesanan`, `user`, `totalproduk`, `harga`, `tanggal`, `status`) VALUES
(1, 58, 'jackahuuna', 2, 13025, '2025-02-15 02:56:09', 'Lunas'),
(2, 59, 'jackahuuna', 9, 66075, '2025-02-17 02:17:20', 'Lunas'),
(3, 57, 'eldiablo', 2, 58000, '2025-02-14 07:49:48', 'Lunas'),
(4, 52, 'eldiablo', 3, 19500, '2025-02-11 07:18:34', 'Lunas'),
(5, 53, 'jekgawne', 1, 5000, '2025-02-11 08:20:34', 'Lunas'),
(6, 47, 'eldiablo', 3, 22025, '2025-02-10 02:59:48', 'Lunas'),
(7, 48, 'eldiablo', 2, 27525, '2025-02-10 04:11:55', 'Lunas'),
(8, 62, 'jackahuuna', 6, 138550, '2025-02-18 00:34:58', 'Lunas'),
(9, 56, 'eldiablo', 4, 26050, '2025-02-14 07:07:48', 'Lunas'),
(10, 46, 'jekgawne', 2, 22500, '2025-02-10 01:08:12', 'Lunas'),
(11, 67, 'eldiablo', 4, 147550, '2025-02-19 00:37:04', 'Lunas'),
(12, 60, 'jackahuuna', 1, 6500, '2025-02-17 03:21:54', 'Lunas'),
(13, 50, 'jekgawne', 3, 19500, '2025-02-11 04:55:50', 'Lunas'),
(14, 68, 'jackahuuna', 7, 62400, '2025-02-19 06:57:06', 'Lunas'),
(15, 69, 'jackahuuna', 6, 109075, '2025-02-20 00:43:48', 'Lunas'),
(16, 64, 'jackahuuna', 3, 84200, '2025-02-18 02:02:52', 'Lunas'),
(17, 65, 'jackahuuna', 3, 70525, '2025-02-18 02:03:29', 'Lunas'),
(18, 70, 'jekgawne', 1, 52500, '2025-02-20 00:55:31', 'Lunas'),
(19, 71, 'jackahuuna', 1, 24525, '2025-02-20 13:09:43', 'Lunas'),
(20, 72, 'jackahuuna', 5, 124525, '2025-02-21 06:26:42', 'Lunas'),
(21, 63, 'jackahuuna', 1, 6525, '2025-02-18 02:02:07', 'Lunas'),
(22, 73, 'erona91', 1, 31000, '2025-02-21 06:43:18', 'Lunas'),
(23, 75, 'jekgawne', 7, 90000, '2025-02-22 04:11:39', 'Lunas'),
(24, 76, 'jackahuuna', 9, 175000, '2025-02-26 00:24:30', 'Lunas'),
(25, 80, 'test111', 2, 13000, '2025-03-10 02:21:13', 'Lunas'),
(26, 79, 'jekgawne', 2, 20000, '2025-03-03 07:25:21', 'Lunas'),
(27, 74, 'jekgawne', 2, 62000, '2025-02-21 06:47:05', 'Lunas'),
(28, 77, 'wawawa', 3, 42000, '2025-03-01 01:48:03', 'Lunas'),
(29, 78, 'jackahuuna', 3, 20000, '2025-03-03 00:56:50', 'Lunas'),
(30, 81, 'jackahuuna', 3, 17525, '2025-03-11 06:42:57', 'Lunas'),
(31, 82, 'jekgawne', 6, 69500, '2025-03-13 04:11:45', 'Lunas'),
(32, 83, 'jekgawne', 3, 61000, '2025-03-14 07:55:17', 'Lunas'),
(33, 84, 'jekgawne', 7, 52025, '2025-03-15 02:59:07', 'Lunas'),
(34, 85, 'm.doel11', 4, 52000, '2025-03-15 03:01:24', 'Lunas'),
(35, 86, 'ndoghoren', 3, 26250, '2025-03-15 03:10:37', 'Lunas'),
(36, 88, 'jekgawne', 4, 98500, '2025-03-15 04:10:21', 'Lunas'),
(37, 87, 'renegade99', 4, 104500, '2025-03-15 04:06:38', 'Lunas'),
(48, 100, 'jekgawne', 2, 12000, '2025-03-16 13:12:42', 'Lunas'),
(47, 99, 'renegade99', 2, 12000, '2025-03-16 13:11:35', 'Lunas'),
(51, 103, 'jekgawne', 2, 12000, '2025-03-16 14:04:43', 'Lunas'),
(52, 104, 'jackahuuna', 2, 12000, '2025-03-16 14:05:47', 'Lunas'),
(53, 106, 'eldiablo', 2, 16000, '2025-03-16 14:14:32', 'Lunas'),
(56, 112, 'eldiablo', 2, 12000, '2025-03-16 14:48:07', 'Lunas'),
(55, 109, 'jackahuuna', 3, 18000, '2025-03-16 14:29:33', 'Lunas'),
(57, 113, 'eldiablo', 6, 33550, '2025-03-17 00:09:26', 'Lunas'),
(58, 114, 'eldiablo', 4, 23000, '2025-03-17 00:13:09', 'Lunas'),
(59, 115, 'eldiablo', 2, 11500, '2025-03-17 00:18:04', 'Lunas'),
(60, 116, 'eldiablo', 6, 12000, '2025-03-17 00:25:31', 'Lunas'),
(61, 119, 'eldiablo', 2, 11500, '2025-03-17 01:39:38', 'Lunas'),
(62, 120, 'eldiablo', 1, 5000, '2025-03-17 01:41:34', 'Lunas'),
(63, 121, 'eldiablo', 1, 5500, '2025-03-17 01:43:12', 'Lunas'),
(64, 122, 'jekgawne', 4, 21000, '2025-03-17 02:38:32', 'Lunas'),
(65, 124, 'jekgawne', 2, 11500, '2025-03-17 02:57:29', 'Lunas'),
(66, 127, 'renegade99', 9, 58000, '2025-03-17 04:52:29', 'Lunas'),
(67, 129, 'jekgawne', 3, 18500, '2025-03-25 17:22:43', 'Lunas'),
(68, 131, 'eldiablo', 2, 13025, '2025-04-14 06:40:08', 'Lunas'),
(69, 126, 'renegade99', 4, 66000, '2025-03-17 03:58:00', 'Lunas');

-- --------------------------------------------------------

--
-- Table structure for table `produk`
--

CREATE TABLE `produk` (
  `id` int(11) NOT NULL,
  `nama_produk` varchar(25) NOT NULL,
  `kategori` varchar(25) NOT NULL,
  `stok` int(11) NOT NULL,
  `harga` int(11) NOT NULL,
  `gambar` varchar(200) NOT NULL
) ENGINE=InnoDB DEFAULT CHARSET=utf8mb4 COLLATE=utf8mb4_general_ci;

--
-- Dumping data for table `produk`
--

INSERT INTO `produk` (`id`, `nama_produk`, `kategori`, `stok`, `harga`, `gambar`) VALUES
(31, 'Mix  Nut', 'Produk Dua Kelinci', 216, 5000, '1740529747_mixnut.jpg'),
(35, 'Sabun Mandi', 'Peralatan Rumah Tangga', 44, 6500, '1740617951_sabun.jpg'),
(36, 'Kacang Garing', 'Produk Dua Kelinci', 85, 5500, 'garing.jpg'),
(37, 'Sapu Ijuk', 'Produk Dua Kelinci', 48, 13500, 'sapu.jpg'),
(38, 'Sukro Oven Spicy', 'Produk Dua Kelinci', 178, 6500, 'sukro.jpg'),
(39, 'Sepatu Sport Hitam', 'Lainnya', 9, 60000, 'shoes-img7.png'),
(40, 'Pensil', 'Lainnya', 130, 1500, '1740617801_petelot.jpg'),
(41, 'Pulpen', 'Lainnya', 88, 2500, '1740617763_pen.jpg'),
(43, 'Piring', 'Peralatan Rumah Tangga', 15, 10000, 'piring.jpg'),
(45, 'Hot Nut', 'Produk Dua Kelinci', 184, 6525, 'hotnut.jpg'),
(46, 'Usagi', 'Produk Dua Kelinci', 100, 9000, 'usagi.jpg'),
(47, 'Sepatu Olahraga', 'Lainnya', 5, 36500, 'shoes-img3.png'),
(51, 'Sepatu Super 2', 'Produk Dua Kelinci', 0, 64200, '1740617733_aa.jpeg'),
(54, 'Krupuk Ring Pedas', 'Produk Dua Kelinci', 12, 15500, '1740619248_ring.jpeg'),
(59, 'Special Bundle', 'Produk Dua Kelinci', 0, 39000, 'prodcol.jpg'),
(60, 'Kacang Atom', 'Produk Dua Kelinci', 27, 4500, '1740617694_atom.jpg'),
(64, 'Teflon', 'Peralatan Rumah Tangga', 0, 31000, '1741318412_teflon.jpg'),
(68, 'Sabun Ijo Sanlek', 'Peralatan Rumah Tangga', 205, 5000, 'download.jpg'),
(69, 'Plushie', 'Lainnya', 20, 25000, 'plushie.jpg'),
(70, 'Milidi Pedas', 'Lainnya', 9, 6000, '1740618183_mil.jpeg'),
(71, 'Wafer Matcha', 'Produk Dua Kelinci', 11, 6000, 'Wafer matcha.JPG'),
(78, 'Cappucino Cincau', 'Produk Dua Kelinci', 27, 12000, 'capcin.jpeg'),
(79, 'Choco Nutz', 'Produk Dua Kelinci', 27, 20000, '1740105793_chonut.jpg'),
(80, 'Krupuk Tahu', 'Produk Dua Kelinci', 24, 20000, 'tahu.jpg'),
(81, 'Onion Ring', 'Lainnya', 13, 19900, 'onion.jpg'),
(82, 'CapcinJek', 'Lainnya', 15, 17500, 'cafu.jpeg'),
(83, 'Kacang Atom Pedas', 'Produk Dua Kelinci', 24, 12500, 'atompedas.jpg'),
(84, 'Tai Kucing', 'Lainnya', 0, 16500, 'taikucing.jpeg'),
(85, 'Kaos Oblong', 'Lainnya', 0, 24500, 't-shirt.png'),
(87, 'Krip Krip', 'Produk Dua Kelinci', 14, 15250, 'krip.jpg'),
(88, 'Kripik Tempe', 'Lainnya', 14, 15000, 'kripiktempe.jpg'),
(89, 'Roni', 'Produk Dua Kelinci', 18, 9500, 'roni.jpg'),
(90, 'Sabun Cuci', 'Lainnya', 10, 19500, 'sabuncuci.jpg');

-- --------------------------------------------------------

--
-- Table structure for table `produk_user`
--

CREATE TABLE `produk_user` (
  `id` int(11) NOT NULL,
  `user` varchar(25) NOT NULL,
  `namaproduk` varchar(50) NOT NULL,
  `kategori` varchar(20) NOT NULL,
  `hargajual` int(11) NOT NULL,
  `harga` int(11) NOT NULL,
  `profit` int(11) NOT NULL,
  `stok` int(11) NOT NULL,
  `gambar` varchar(50) NOT NULL
) ENGINE=InnoDB DEFAULT CHARSET=utf8mb4 COLLATE=utf8mb4_general_ci;

--
-- Dumping data for table `produk_user`
--

INSERT INTO `produk_user` (`id`, `user`, `namaproduk`, `kategori`, `hargajual`, `harga`, `profit`, `stok`, `gambar`) VALUES
(2, 'eldiablo', 'Lofet Toples', 'Produk Dua Kelinci', 25000, 19500, 5500, 5, ''),
(4, 'jekgawne', 'Special Bundle', 'Produk Dua Kelinci', 39000, 30500, 8500, 3, 'prodcol.jpg'),
(5, 'jackahuuna', 'Plushie', 'Lainnya', 25000, 20000, 5000, 25, 'plushie.jpg'),
(6, 'eldiablo', 'Milidi Pedas', 'Lainnya', 6000, 4500, 1500, 10, ''),
(7, 'jekgawne', 'Wafer Matcha', 'Produk Dua Kelinci', 6000, 0, 0, 10, 'Wafer matcha.JPG'),
(9, 'jackahuuna', 'Cappucino Cincau', 'Produk Dua Kelinci', 12000, 0, 0, 30, 'capcin.jpeg'),
(10, 'jekgawne', 'Onion Ring', 'Lainnya', 19900, 0, 0, 13, 'onion.jpg'),
(11, 'jekgawne', 'CapcinJek', 'Lainnya', 17500, 0, 0, 15, 'cafu.jpeg'),
(12, 'jackahuuna', 'Kacang Atom Pedas', 'Produk Dua Kelinci', 12500, 0, 0, 24, 'atompedas.jpg'),
(13, 'jackahuuna', 'Tai Kucing', 'Lainnya', 16500, 13750, 2750, 7, 'taikucing.jpeg'),
(14, 'jekgawne', 'Kaos Oblong', 'Lainnya', 24500, 19500, 5000, 5, 't-shirt.png'),
(15, 'jekgawne', 'Kripik Tempe', 'Lainnya', 15000, 13000, 2000, 10, 'kripiktempe.jpg'),
(16, 'jekgawne', 'Sabun Cuci', 'Lainnya', 19500, 15000, 4500, 10, 'sabuncuci.jpg');

--
-- Indexes for dumped tables
--

--
-- Indexes for table `admin`
--
ALTER TABLE `admin`
  ADD PRIMARY KEY (`id`);

--
-- Indexes for table `detail_pemesanan`
--
ALTER TABLE `detail_pemesanan`
  ADD PRIMARY KEY (`id`);

--
-- Indexes for table `jual`
--
ALTER TABLE `jual`
  ADD PRIMARY KEY (`idjual`);

--
-- Indexes for table `keluar`
--
ALTER TABLE `keluar`
  ADD PRIMARY KEY (`idkeluar`);

--
-- Indexes for table `login`
--
ALTER TABLE `login`
  ADD PRIMARY KEY (`id`);

--
-- Indexes for table `masuk`
--
ALTER TABLE `masuk`
  ADD PRIMARY KEY (`idmasuk`);

--
-- Indexes for table `nota`
--
ALTER TABLE `nota`
  ADD PRIMARY KEY (`id`);

--
-- Indexes for table `pemesanan`
--
ALTER TABLE `pemesanan`
  ADD PRIMARY KEY (`idpemesanan`);

--
-- Indexes for table `pesanan_selesai`
--
ALTER TABLE `pesanan_selesai`
  ADD PRIMARY KEY (`id`);

--
-- Indexes for table `produk`
--
ALTER TABLE `produk`
  ADD PRIMARY KEY (`id`);

--
-- Indexes for table `produk_user`
--
ALTER TABLE `produk_user`
  ADD PRIMARY KEY (`id`);

--
-- AUTO_INCREMENT for dumped tables
--

--
-- AUTO_INCREMENT for table `admin`
--
ALTER TABLE `admin`
  MODIFY `id` int(11) NOT NULL AUTO_INCREMENT, AUTO_INCREMENT=5;

--
-- AUTO_INCREMENT for table `detail_pemesanan`
--
ALTER TABLE `detail_pemesanan`
  MODIFY `id` int(11) NOT NULL AUTO_INCREMENT, AUTO_INCREMENT=248;

--
-- AUTO_INCREMENT for table `jual`
--
ALTER TABLE `jual`
  MODIFY `idjual` int(11) NOT NULL AUTO_INCREMENT, AUTO_INCREMENT=37;

--
-- AUTO_INCREMENT for table `keluar`
--
ALTER TABLE `keluar`
  MODIFY `idkeluar` int(11) NOT NULL AUTO_INCREMENT, AUTO_INCREMENT=224;

--
-- AUTO_INCREMENT for table `login`
--
ALTER TABLE `login`
  MODIFY `id` int(11) NOT NULL AUTO_INCREMENT, AUTO_INCREMENT=22;

--
-- AUTO_INCREMENT for table `masuk`
--
ALTER TABLE `masuk`
  MODIFY `idmasuk` int(11) NOT NULL AUTO_INCREMENT, AUTO_INCREMENT=69;

--
-- AUTO_INCREMENT for table `nota`
--
ALTER TABLE `nota`
  MODIFY `id` int(11) NOT NULL AUTO_INCREMENT, AUTO_INCREMENT=71;

--
-- AUTO_INCREMENT for table `pemesanan`
--
ALTER TABLE `pemesanan`
  MODIFY `idpemesanan` int(11) NOT NULL AUTO_INCREMENT, AUTO_INCREMENT=132;

--
-- AUTO_INCREMENT for table `pesanan_selesai`
--
ALTER TABLE `pesanan_selesai`
  MODIFY `id` int(11) NOT NULL AUTO_INCREMENT, AUTO_INCREMENT=70;

--
-- AUTO_INCREMENT for table `produk`
--
ALTER TABLE `produk`
  MODIFY `id` int(11) NOT NULL AUTO_INCREMENT, AUTO_INCREMENT=91;

--
-- AUTO_INCREMENT for table `produk_user`
--
ALTER TABLE `produk_user`
  MODIFY `id` int(11) NOT NULL AUTO_INCREMENT, AUTO_INCREMENT=17;
COMMIT;

/*!40101 SET CHARACTER_SET_CLIENT=@OLD_CHARACTER_SET_CLIENT */;
/*!40101 SET CHARACTER_SET_RESULTS=@OLD_CHARACTER_SET_RESULTS */;
/*!40101 SET COLLATION_CONNECTION=@OLD_COLLATION_CONNECTION */;
